From BpId,Upline ID,Relationship Type,Contract Code,From,To
1000000000,1050000000,CAN_SELL_UNDER,Z202,2018-08-07T00:00:00Z,9999-08-07T00:00:00Z
1050000000,1050000001,CAN_SELL_UNDER,Z202,2022-08-07T00:00:00Z,9999-08-07T00:00:00Z
1050000000,1050000002,CAN_SELL_UNDER,Z202,2022-08-07T00:00:00Z,2027-08-07T00:00:00Z
1000000000,1050000003,CAN_SELL_UNDER,Z202,2021-08-07T00:00:00Z,9999-08-07T00:00:00Z
1050000003,1050000004,CAN_SELL_UNDER,Z202,2021-08-07T00:00:00Z,2026-08-07T00:00:00Z
1050000003,1050000005,CAN_SELL_UNDER,Z202,2018-08-07T00:00:00Z,9999-08-07T00:00:00Z
1000000000,1050000006,CAN_SELL_UNDER,Z202,2016-08-07T00:00:00Z,9999-08-07T00:00:00Z
1050000006,1050000007,CAN_PROXY,Z202,2016-08-07T00:00:00Z,2021-08-07T00:00:00Z
1050000007,1050000008,CAN_PROXY,Z202,2020-08-07T00:00:00Z,9999-08-07T00:00:00Z
1050000008,1050000009,CAN_SELL_UNDER,Z202,2019-08-07T00:00:00Z,9999-08-07T00:00:00Z
1050000008,1050000010,CAN_SELL_UNDER,Z202,2018-08-07T00:00:00Z,2028-08-07T00:00:00Z
1050000008,1050000011,CAN_SELL_UNDER,Z202,2021-08-07T00:00:00Z,2036-08-07T00:00:00Z
1050000007,1050000012,CAN_SELL_UNDER,Z202,2018-08-07T00:00:00Z,9999-08-07T00:00:00Z
1050000012,1050000013,CAN_SELL_UNDER,Z202,2020-08-07T00:00:00Z,9999-08-07T00:00:00Z
1050000012,1050000014,CAN_SELL_UNDER,Z202,2021-08-07T00:00:00Z,2036-08-07T00:00:00Z
1050000012,1050000015,CAN_PROXY,Z202,2016-08-07T00:00:00Z,9999-08-07T00:00:00Z
1050000012,1050000016,CAN_PROXY,Z202,2016-08-07T00:00:00Z,9999-08-07T00:00:00Z
1050000012,1050000017,CAN_SELL_UNDER,Z202,2017-08-07T00:00:00Z,9999-08-07T00:00:00Z
1050000007,1050000018,CAN_PROXY,Z202,2017-08-07T00:00:00Z,9999-08-07T00:00:00Z
1050000018,1050000019,CAN_SELL_UNDER,Z202,2016-08-07T00:00:00Z,9999-08-07T00:00:00Z
1050000018,1050000020,CAN_SELL_UNDER,Z202,2016-08-07T00:00:00Z,2031-08-07T00:00:00Z
1050000018,1050000021,CAN_SELL_UNDER,Z202,2021-08-07T00:00:00Z,9999-08-07T00:00:00Z
1050000018,1050000022,CAN_SELL_UNDER,Z202,2021-08-07T00:00:00Z,9999-08-07T00:00:00Z
1050000018,1050000023,CAN_SELL_UNDER,Z202,2021-08-07T00:00:00Z,9999-08-07T00:00:00Z
1050000007,1050000024,CAN_SELL_UNDER,Z202,2020-08-07T00:00:00Z,2025-08-07T00:00:00Z
1050000024,1050000025,CAN_SELL_UNDER,Z202,2022-08-07T00:00:00Z,9999-08-07T00:00:00Z
1050000024,1050000026,CAN_SELL_UNDER,Z202,2018-08-07T00:00:00Z,9999-08-07T00:00:00Z
1050000024,1050000027,CAN_SELL_UNDER,Z202,2016-08-07T00:00:00Z,2026-08-07T00:00:00Z
1050000024,1050000028,CAN_SELL_UNDER,Z202,2016-08-07T00:00:00Z,9999-08-07T00:00:00Z
1050000024,1050000029,CAN_SELL_UNDER,Z202,2022-08-07T00:00:00Z,9999-08-07T00:00:00Z
1050000006,1050000030,CAN_SELL_UNDER,Z202,2022-08-07T00:00:00Z,9999-08-07T00:00:00Z
1050000030,1050000031,CAN_SELL_UNDER,Z202,2017-08-07T00:00:00Z,9999-08-07T00:00:00Z
1050000031,1050000032,CAN_SELL_UNDER,Z202,2016-08-07T00:00:00Z,9999-08-07T00:00:00Z
1050000030,1050000033,CAN_SELL_UNDER,Z202,2021-08-07T00:00:00Z,2026-08-07T00:00:00Z
1050000033,1050000034,CAN_SELL_UNDER,Z202,2021-08-07T00:00:00Z,9999-08-07T00:00:00Z
1050000033,1050000035,CAN_SELL_UNDER,Z202,2016-08-07T00:00:00Z,9999-08-07T00:00:00Z
1050000033,1050000036,CAN_SELL_UNDER,Z202,2016-08-07T00:00:00Z,9999-08-07T00:00:00Z
1050000033,1050000037,CAN_SELL_UNDER,Z202,2021-08-07T00:00:00Z,9999-08-07T00:00:00Z
1050000030,1050000038,CAN_SELL_UNDER,Z202,2017-08-07T00:00:00Z,9999-08-07T00:00:00Z
1050000038,1050000039,CAN_SELL_UNDER,Z202,2020-08-07T00:00:00Z,9999-08-07T00:00:00Z
1050000030,1050000040,CAN_SELL_UNDER,Z202,2017-08-07T00:00:00Z,9999-08-07T00:00:00Z
1050000040,1050000041,CAN_SELL_UNDER,Z202,2019-08-07T00:00:00Z,9999-08-07T00:00:00Z
1050000040,1050000042,CAN_SELL_UNDER,Z202,2017-08-07T00:00:00Z,2032-08-07T00:00:00Z
1050000040,1050000043,CAN_SELL_UNDER,Z202,2017-08-07T00:00:00Z,2027-08-07T00:00:00Z
1050000040,1050000044,CAN_SELL_UNDER,Z202,2020-08-07T00:00:00Z,9999-08-07T00:00:00Z
1050000030,1050000045,CAN_SELL_UNDER,Z202,2017-08-07T00:00:00Z,9999-08-07T00:00:00Z
1050000045,1050000046,CAN_SELL_UNDER,Z202,2020-08-07T00:00:00Z,9999-08-07T00:00:00Z
1050000045,1050000047,CAN_SELL_UNDER,Z202,2022-08-07T00:00:00Z,9999-08-07T00:00:00Z
1050000045,1050000048,CAN_SELL_UNDER,Z202,2022-08-07T00:00:00Z,9999-08-07T00:00:00Z
1050000045,1050000049,CAN_SELL_UNDER,Z202,2021-08-07T00:00:00Z,9999-08-07T00:00:00Z
1050000006,1050000050,CAN_SELL_UNDER,Z202,2020-08-07T00:00:00Z,2035-08-07T00:00:00Z
1050000050,1050000051,CAN_SELL_UNDER,Z202,2018-08-07T00:00:00Z,9999-08-07T00:00:00Z
1050000051,1050000052,CAN_SELL_UNDER,Z202,2016-08-07T00:00:00Z,9999-08-07T00:00:00Z
1050000051,1050000053,CAN_SELL_UNDER,Z202,2020-08-07T00:00:00Z,2030-08-07T00:00:00Z
1050000051,1050000054,CAN_SELL_UNDER,Z202,2020-08-07T00:00:00Z,9999-08-07T00:00:00Z
1050000051,1050000055,CAN_SELL_UNDER,Z202,2019-08-07T00:00:00Z,9999-08-07T00:00:00Z
1050000006,1050000056,CAN_SELL_UNDER,Z202,2018-08-07T00:00:00Z,9999-08-07T00:00:00Z
1050000056,1050000057,CAN_SELL_UNDER,Z202,2019-08-07T00:00:00Z,9999-08-07T00:00:00Z
1050000057,1050000058,CAN_SELL_UNDER,Z202,2022-08-07T00:00:00Z,9999-08-07T00:00:00Z
1050000057,1050000059,CAN_SELL_UNDER,Z202,2018-08-07T00:00:00Z,2038-08-07T00:00:00Z
1050000057,1050000060,CAN_SELL_UNDER,Z202,2016-08-07T00:00:00Z,2021-08-07T00:00:00Z
1050000056,1050000061,CAN_SELL_UNDER,Z202,2021-08-07T00:00:00Z,2026-08-07T00:00:00Z
1050000061,1050000062,CAN_SELL_UNDER,Z202,2018-08-07T00:00:00Z,2033-08-07T00:00:00Z
1050000056,1050000063,CAN_PROXY,Z202,2016-08-07T00:00:00Z,9999-08-07T00:00:00Z
1050000063,1050000064,CAN_SELL_UNDER,Z202,2022-08-07T00:00:00Z,9999-08-07T00:00:00Z
1050000063,1050000065,CAN_SELL_UNDER,Z202,2018-08-07T00:00:00Z,9999-08-07T00:00:00Z
1050000063,1050000066,CAN_SELL_UNDER,Z202,2020-08-07T00:00:00Z,2040-08-07T00:00:00Z
1050000063,1050000067,CAN_PROXY,Z202,2022-08-07T00:00:00Z,9999-08-07T00:00:00Z
1050000063,1050000068,CAN_SELL_UNDER,Z202,2017-08-07T00:00:00Z,9999-08-07T00:00:00Z
1050000056,1050000069,CAN_PROXY,Z202,2017-08-07T00:00:00Z,9999-08-07T00:00:00Z
1050000069,1050000070,CAN_SELL_UNDER,Z202,2021-08-07T00:00:00Z,9999-08-07T00:00:00Z
1050000069,1050000071,CAN_SELL_UNDER,Z202,2018-08-07T00:00:00Z,9999-08-07T00:00:00Z
1050000006,1050000072,CAN_PROXY,Z202,2021-08-07T00:00:00Z,2041-08-07T00:00:00Z
1050000072,1050000073,CAN_SELL_UNDER,Z202,2020-08-07T00:00:00Z,9999-08-07T00:00:00Z
1050000073,1050000074,CAN_SELL_UNDER,Z202,2022-08-07T00:00:00Z,9999-08-07T00:00:00Z
1050000072,1050000075,CAN_SELL_UNDER,Z202,2021-08-07T00:00:00Z,9999-08-07T00:00:00Z
1050000075,1050000076,CAN_PROXY,Z202,2021-08-07T00:00:00Z,2031-08-07T00:00:00Z
1050000075,1050000077,CAN_SELL_UNDER,Z202,2019-08-07T00:00:00Z,9999-08-07T00:00:00Z
1050000072,1050000078,CAN_SELL_UNDER,Z202,2018-08-07T00:00:00Z,9999-08-07T00:00:00Z
1050000078,1050000079,CAN_PROXY,Z202,2021-08-07T00:00:00Z,9999-08-07T00:00:00Z
1050000078,1050000080,CAN_SELL_UNDER,Z202,2020-08-07T00:00:00Z,9999-08-07T00:00:00Z
1050000078,1050000081,CAN_SELL_UNDER,Z202,2021-08-07T00:00:00Z,9999-08-07T00:00:00Z
1050000078,1050000082,CAN_SELL_UNDER,Z202,2016-08-07T00:00:00Z,2036-08-07T00:00:00Z
1050000078,1050000083,CAN_SELL_UNDER,Z202,2018-08-07T00:00:00Z,2028-08-07T00:00:00Z
1000000000,1050000084,CAN_SELL_UNDER,Z202,2020-08-07T00:00:00Z,9999-08-07T00:00:00Z
1050000084,1050000085,CAN_SELL_UNDER,Z202,2020-08-07T00:00:00Z,2040-08-07T00:00:00Z
1050000085,1050000086,CAN_SELL_UNDER,Z202,2021-08-07T00:00:00Z,9999-08-07T00:00:00Z
1050000086,1050000087,CAN_SELL_UNDER,Z202,2020-08-07T00:00:00Z,2035-08-07T00:00:00Z
1050000087,1050000088,CAN_SELL_UNDER,Z202,2017-08-07T00:00:00Z,9999-08-07T00:00:00Z
1050000087,1050000089,CAN_SELL_UNDER,Z202,2019-08-07T00:00:00Z,9999-08-07T00:00:00Z
1050000087,1050000090,CAN_SELL_UNDER,Z202,2018-08-07T00:00:00Z,9999-08-07T00:00:00Z
1050000086,1050000091,CAN_SELL_UNDER,Z202,2021-08-07T00:00:00Z,9999-08-07T00:00:00Z
1050000091,1050000092,CAN_PROXY,Z202,2017-08-07T00:00:00Z,2032-08-07T00:00:00Z
1050000091,1050000093,CAN_SELL_UNDER,Z202,2021-08-07T00:00:00Z,9999-08-07T00:00:00Z
1050000091,1050000094,CAN_SELL_UNDER,Z202,2022-08-07T00:00:00Z,9999-08-07T00:00:00Z
1050000091,1050000095,CAN_SELL_UNDER,Z202,2018-08-07T00:00:00Z,9999-08-07T00:00:00Z
1050000091,1050000096,CAN_SELL_UNDER,Z202,2016-08-07T00:00:00Z,9999-08-07T00:00:00Z
1050000086,1050000097,CAN_SELL_UNDER,Z202,2018-08-07T00:00:00Z,9999-08-07T00:00:00Z
1050000097,1050000098,CAN_PROXY,Z202,2017-08-07T00:00:00Z,9999-08-07T00:00:00Z
1050000097,1050000099,CAN_SELL_UNDER,Z202,2018-08-07T00:00:00Z,2038-08-07T00:00:00Z
1050000086,1050000100,CAN_PROXY,Z202,2020-08-07T00:00:00Z,9999-08-07T00:00:00Z
1050000100,1050000101,CAN_PROXY,Z202,2019-08-07T00:00:00Z,2024-08-07T00:00:00Z
1050000100,1050000102,CAN_SELL_UNDER,Z202,2016-08-07T00:00:00Z,9999-08-07T00:00:00Z
1050000100,1050000103,CAN_SELL_UNDER,Z202,2017-08-07T00:00:00Z,9999-08-07T00:00:00Z
1050000100,1050000104,CAN_SELL_UNDER,Z202,2018-08-07T00:00:00Z,9999-08-07T00:00:00Z
1050000100,1050000105,CAN_SELL_UNDER,Z202,2016-08-07T00:00:00Z,9999-08-07T00:00:00Z
1050000084,1050000106,CAN_PROXY,Z202,2022-08-07T00:00:00Z,9999-08-07T00:00:00Z
1050000106,1050000107,CAN_SELL_UNDER,Z202,2017-08-07T00:00:00Z,9999-08-07T00:00:00Z
1050000107,1050000108,CAN_SELL_UNDER,Z202,2019-08-07T00:00:00Z,9999-08-07T00:00:00Z
1050000108,1050000109,CAN_SELL_UNDER,Z202,2022-08-07T00:00:00Z,9999-08-07T00:00:00Z
1050000108,1050000110,CAN_SELL_UNDER,Z202,2019-08-07T00:00:00Z,9999-08-07T00:00:00Z
1050000108,1050000111,CAN_SELL_UNDER,Z202,2017-08-07T00:00:00Z,9999-08-07T00:00:00Z
1050000107,1050000112,CAN_SELL_UNDER,Z202,2020-08-07T00:00:00Z,2040-08-07T00:00:00Z
1050000112,1050000113,CAN_SELL_UNDER,Z202,2019-08-07T00:00:00Z,9999-08-07T00:00:00Z
1050000112,1050000114,CAN_SELL_UNDER,Z202,2018-08-07T00:00:00Z,9999-08-07T00:00:00Z
1050000112,1050000115,CAN_PROXY,Z202,2017-08-07T00:00:00Z,9999-08-07T00:00:00Z
1050000112,1050000116,CAN_SELL_UNDER,Z202,2021-08-07T00:00:00Z,9999-08-07T00:00:00Z
1050000107,1050000117,CAN_SELL_UNDER,Z202,2020-08-07T00:00:00Z,9999-08-07T00:00:00Z
1050000117,1050000118,CAN_SELL_UNDER,Z202,2017-08-07T00:00:00Z,9999-08-07T00:00:00Z
1050000106,1050000119,CAN_SELL_UNDER,Z202,2016-08-07T00:00:00Z,9999-08-07T00:00:00Z
1050000119,1050000120,CAN_SELL_UNDER,Z202,2016-08-07T00:00:00Z,9999-08-07T00:00:00Z
1050000120,1050000121,CAN_SELL_UNDER,Z202,2022-08-07T00:00:00Z,2027-08-07T00:00:00Z
1050000120,1050000122,CAN_SELL_UNDER,Z202,2017-08-07T00:00:00Z,9999-08-07T00:00:00Z
1050000120,1050000123,CAN_SELL_UNDER,Z202,2017-08-07T00:00:00Z,9999-08-07T00:00:00Z
1050000120,1050000124,CAN_SELL_UNDER,Z202,2022-08-07T00:00:00Z,9999-08-07T00:00:00Z
1050000120,1050000125,CAN_SELL_UNDER,Z202,2019-08-07T00:00:00Z,9999-08-07T00:00:00Z
1050000106,1050000126,CAN_SELL_UNDER,Z202,2016-08-07T00:00:00Z,9999-08-07T00:00:00Z
1050000126,1050000127,CAN_SELL_UNDER,Z202,2021-08-07T00:00:00Z,9999-08-07T00:00:00Z
1050000127,1050000128,CAN_SELL_UNDER,Z202,2020-08-07T00:00:00Z,9999-08-07T00:00:00Z
1050000106,1050000129,CAN_PROXY,Z202,2018-08-07T00:00:00Z,9999-08-07T00:00:00Z
1050000129,1050000130,CAN_SELL_UNDER,Z202,2016-08-07T00:00:00Z,9999-08-07T00:00:00Z
1050000130,1050000131,CAN_PROXY,Z202,2020-08-07T00:00:00Z,9999-08-07T00:00:00Z
1050000130,1050000132,CAN_SELL_UNDER,Z202,2022-08-07T00:00:00Z,9999-08-07T00:00:00Z
1050000130,1050000133,CAN_SELL_UNDER,Z202,2017-08-07T00:00:00Z,9999-08-07T00:00:00Z
1050000129,1050000134,CAN_SELL_UNDER,Z202,2017-08-07T00:00:00Z,9999-08-07T00:00:00Z
1050000134,1050000135,CAN_SELL_UNDER,Z202,2022-08-07T00:00:00Z,9999-08-07T00:00:00Z
1050000134,1050000136,CAN_SELL_UNDER,Z202,2019-08-07T00:00:00Z,9999-08-07T00:00:00Z
1050000134,1050000137,CAN_SELL_UNDER,Z202,2021-08-07T00:00:00Z,9999-08-07T00:00:00Z
1050000134,1050000138,CAN_SELL_UNDER,Z202,2017-08-07T00:00:00Z,9999-08-07T00:00:00Z
1050000134,1050000139,CAN_SELL_UNDER,Z202,2022-08-07T00:00:00Z,9999-08-07T00:00:00Z
1050000129,1050000140,CAN_SELL_UNDER,Z202,2017-08-07T00:00:00Z,9999-08-07T00:00:00Z
1050000140,1050000141,CAN_SELL_UNDER,Z202,2019-08-07T00:00:00Z,9999-08-07T00:00:00Z
1050000140,1050000142,CAN_SELL_UNDER,Z202,2017-08-07T00:00:00Z,9999-08-07T00:00:00Z
1050000140,1050000143,CAN_SELL_UNDER,Z202,2017-08-07T00:00:00Z,9999-08-07T00:00:00Z
1050000140,1050000144,CAN_SELL_UNDER,Z202,2018-08-07T00:00:00Z,9999-08-07T00:00:00Z
1050000129,1050000145,CAN_SELL_UNDER,Z202,2020-08-07T00:00:00Z,9999-08-07T00:00:00Z
1050000145,1050000146,CAN_SELL_UNDER,Z202,2018-08-07T00:00:00Z,9999-08-07T00:00:00Z
1050000145,1050000147,CAN_PROXY,Z202,2022-08-07T00:00:00Z,2042-08-07T00:00:00Z
1050000145,1050000148,CAN_SELL_UNDER,Z202,2022-08-07T00:00:00Z,9999-08-07T00:00:00Z
1050000145,1050000149,CAN_SELL_UNDER,Z202,2022-08-07T00:00:00Z,9999-08-07T00:00:00Z
1050000145,1050000150,CAN_SELL_UNDER,Z202,2018-08-07T00:00:00Z,9999-08-07T00:00:00Z
1050000129,1050000151,CAN_PROXY,Z202,2019-08-07T00:00:00Z,9999-08-07T00:00:00Z
1050000151,1050000152,CAN_SELL_UNDER,Z202,2022-08-07T00:00:00Z,9999-08-07T00:00:00Z
1050000106,1050000153,CAN_SELL_UNDER,Z202,2019-08-07T00:00:00Z,9999-08-07T00:00:00Z
1050000153,1050000154,CAN_SELL_UNDER,Z202,2018-08-07T00:00:00Z,9999-08-07T00:00:00Z
1050000154,1050000155,CAN_SELL_UNDER,Z202,2020-08-07T00:00:00Z,2040-08-07T00:00:00Z
1050000154,1050000156,CAN_SELL_UNDER,Z202,2016-08-07T00:00:00Z,9999-08-07T00:00:00Z
1050000154,1050000157,CAN_SELL_UNDER,Z202,2019-08-07T00:00:00Z,9999-08-07T00:00:00Z
1050000154,1050000158,CAN_SELL_UNDER,Z202,2020-08-07T00:00:00Z,9999-08-07T00:00:00Z
1050000154,1050000159,CAN_SELL_UNDER,Z202,2022-08-07T00:00:00Z,9999-08-07T00:00:00Z
1050000153,1050000160,CAN_SELL_UNDER,Z202,2019-08-07T00:00:00Z,9999-08-07T00:00:00Z
1050000160,1050000161,CAN_SELL_UNDER,Z202,2019-08-07T00:00:00Z,9999-08-07T00:00:00Z
1050000160,1050000162,CAN_SELL_UNDER,Z202,2016-08-07T00:00:00Z,9999-08-07T00:00:00Z
1050000160,1050000163,CAN_PROXY,Z202,2022-08-07T00:00:00Z,9999-08-07T00:00:00Z
1050000160,1050000164,CAN_SELL_UNDER,Z202,2018-08-07T00:00:00Z,2023-08-07T00:00:00Z
1050000160,1050000165,CAN_PROXY,Z202,2016-08-07T00:00:00Z,9999-08-07T00:00:00Z
1050000153,1050000166,CAN_SELL_UNDER,Z202,2020-08-07T00:00:00Z,9999-08-07T00:00:00Z
1050000166,1050000167,CAN_SELL_UNDER,Z202,2018-08-07T00:00:00Z,9999-08-07T00:00:00Z
1050000084,1050000168,CAN_SELL_UNDER,Z202,2021-08-07T00:00:00Z,9999-08-07T00:00:00Z
1050000168,1050000169,CAN_SELL_UNDER,Z202,2018-08-07T00:00:00Z,9999-08-07T00:00:00Z
1050000169,1050000170,CAN_PROXY,Z202,2019-08-07T00:00:00Z,9999-08-07T00:00:00Z
1050000170,1050000171,CAN_SELL_UNDER,Z202,2018-08-07T00:00:00Z,9999-08-07T00:00:00Z
1050000170,1050000172,CAN_SELL_UNDER,Z202,2016-08-07T00:00:00Z,9999-08-07T00:00:00Z
1050000170,1050000173,CAN_SELL_UNDER,Z202,2016-08-07T00:00:00Z,9999-08-07T00:00:00Z
1050000170,1050000174,CAN_PROXY,Z202,2019-08-07T00:00:00Z,9999-08-07T00:00:00Z
1050000170,1050000175,CAN_SELL_UNDER,Z202,2019-08-07T00:00:00Z,2034-08-07T00:00:00Z
1050000169,1050000176,CAN_SELL_UNDER,Z202,2017-08-07T00:00:00Z,9999-08-07T00:00:00Z
1050000176,1050000177,CAN_SELL_UNDER,Z202,2019-08-07T00:00:00Z,9999-08-07T00:00:00Z
1050000176,1050000178,CAN_SELL_UNDER,Z202,2018-08-07T00:00:00Z,2038-08-07T00:00:00Z
1050000176,1050000179,CAN_SELL_UNDER,Z202,2017-08-07T00:00:00Z,9999-08-07T00:00:00Z
1050000169,1050000180,CAN_PROXY,Z202,2020-08-07T00:00:00Z,2035-08-07T00:00:00Z
1050000180,1050000181,CAN_PROXY,Z202,2016-08-07T00:00:00Z,9999-08-07T00:00:00Z
1050000180,1050000182,CAN_SELL_UNDER,Z202,2022-08-07T00:00:00Z,9999-08-07T00:00:00Z
1000000001,1050000183,CAN_SELL_UNDER,Z202,2017-08-07T00:00:00Z,9999-08-07T00:00:00Z
1050000183,1050000184,CAN_SELL_UNDER,Z202,2019-08-07T00:00:00Z,9999-08-07T00:00:00Z
1050000184,1050000185,CAN_SELL_UNDER,Z202,2016-08-07T00:00:00Z,2031-08-07T00:00:00Z
1050000183,1050000186,CAN_SELL_UNDER,Z202,2020-08-07T00:00:00Z,9999-08-07T00:00:00Z
1050000186,1050000187,CAN_SELL_UNDER,Z202,2021-08-07T00:00:00Z,9999-08-07T00:00:00Z
1050000186,1050000188,CAN_SELL_UNDER,Z202,2019-08-07T00:00:00Z,9999-08-07T00:00:00Z
1050000186,1050000189,CAN_SELL_UNDER,Z202,2017-08-07T00:00:00Z,9999-08-07T00:00:00Z
1050000186,1050000190,CAN_SELL_UNDER,Z202,2016-08-07T00:00:00Z,9999-08-07T00:00:00Z
1050000183,1050000191,CAN_SELL_UNDER,Z202,2021-08-07T00:00:00Z,9999-08-07T00:00:00Z
1050000191,1050000192,CAN_SELL_UNDER,Z202,2018-08-07T00:00:00Z,9999-08-07T00:00:00Z
1050000191,1050000193,CAN_SELL_UNDER,Z202,2021-08-07T00:00:00Z,9999-08-07T00:00:00Z
1050000191,1050000194,CAN_SELL_UNDER,Z202,2018-08-07T00:00:00Z,9999-08-07T00:00:00Z
1050000191,1050000195,CAN_SELL_UNDER,Z202,2017-08-07T00:00:00Z,9999-08-07T00:00:00Z
1050000183,1050000196,CAN_SELL_UNDER,Z202,2021-08-07T00:00:00Z,9999-08-07T00:00:00Z
1050000196,1050000197,CAN_SELL_UNDER,Z202,2021-08-07T00:00:00Z,9999-08-07T00:00:00Z
1050000196,1050000198,CAN_SELL_UNDER,Z202,2017-08-07T00:00:00Z,9999-08-07T00:00:00Z
1050000196,1050000199,CAN_SELL_UNDER,Z202,2017-08-07T00:00:00Z,9999-08-07T00:00:00Z
1050000196,1050000200,CAN_SELL_UNDER,Z202,2022-08-07T00:00:00Z,9999-08-07T00:00:00Z
1050000183,1050000201,CAN_SELL_UNDER,Z202,2017-08-07T00:00:00Z,9999-08-07T00:00:00Z
1050000201,1050000202,CAN_SELL_UNDER,Z202,2017-08-07T00:00:00Z,9999-08-07T00:00:00Z
1050000201,1050000203,CAN_SELL_UNDER,Z202,2022-08-07T00:00:00Z,2027-08-07T00:00:00Z
1050000201,1050000204,CAN_SELL_UNDER,Z202,2017-08-07T00:00:00Z,9999-08-07T00:00:00Z
1050000201,1050000205,CAN_SELL_UNDER,Z202,2016-08-07T00:00:00Z,2026-08-07T00:00:00Z
1000000001,1050000206,CAN_SELL_UNDER,Z202,2016-08-07T00:00:00Z,9999-08-07T00:00:00Z
1050000206,1050000207,CAN_SELL_UNDER,Z202,2022-08-07T00:00:00Z,2037-08-07T00:00:00Z
1050000207,1050000208,CAN_SELL_UNDER,Z202,2019-08-07T00:00:00Z,9999-08-07T00:00:00Z
1000000001,1050000209,CAN_SELL_UNDER,Z202,2017-08-07T00:00:00Z,9999-08-07T00:00:00Z
1050000209,1050000210,CAN_SELL_UNDER,Z202,2018-08-07T00:00:00Z,2023-08-07T00:00:00Z
1050000210,1050000211,CAN_SELL_UNDER,Z202,2018-08-07T00:00:00Z,2033-08-07T00:00:00Z
1050000211,1050000212,CAN_SELL_UNDER,Z202,2019-08-07T00:00:00Z,2034-08-07T00:00:00Z
1050000212,1050000213,CAN_SELL_UNDER,Z202,2021-08-07T00:00:00Z,9999-08-07T00:00:00Z
1050000212,1050000214,CAN_SELL_UNDER,Z202,2021-08-07T00:00:00Z,9999-08-07T00:00:00Z
1050000212,1050000215,CAN_SELL_UNDER,Z202,2021-08-07T00:00:00Z,2026-08-07T00:00:00Z
1050000212,1050000216,CAN_SELL_UNDER,Z202,2022-08-07T00:00:00Z,2037-08-07T00:00:00Z
1050000211,1050000217,CAN_SELL_UNDER,Z202,2016-08-07T00:00:00Z,9999-08-07T00:00:00Z
1050000217,1050000218,CAN_SELL_UNDER,Z202,2020-08-07T00:00:00Z,9999-08-07T00:00:00Z
1050000217,1050000219,CAN_SELL_UNDER,Z202,2017-08-07T00:00:00Z,9999-08-07T00:00:00Z
1050000217,1050000220,CAN_SELL_UNDER,Z202,2016-08-07T00:00:00Z,9999-08-07T00:00:00Z
1050000217,1050000221,CAN_SELL_UNDER,Z202,2017-08-07T00:00:00Z,9999-08-07T00:00:00Z
1050000217,1050000222,CAN_SELL_UNDER,Z202,2019-08-07T00:00:00Z,9999-08-07T00:00:00Z
1050000210,1050000223,CAN_SELL_UNDER,Z202,2017-08-07T00:00:00Z,9999-08-07T00:00:00Z
1050000223,1050000224,CAN_PROXY,Z202,2016-08-07T00:00:00Z,9999-08-07T00:00:00Z
1050000224,1050000225,CAN_SELL_UNDER,Z202,2019-08-07T00:00:00Z,9999-08-07T00:00:00Z
1050000224,1050000226,CAN_SELL_UNDER,Z202,2016-08-07T00:00:00Z,9999-08-07T00:00:00Z
1050000223,1050000227,CAN_PROXY,Z202,2021-08-07T00:00:00Z,2026-08-07T00:00:00Z
1050000227,1050000228,CAN_PROXY,Z202,2018-08-07T00:00:00Z,2038-08-07T00:00:00Z
1050000223,1050000229,CAN_SELL_UNDER,Z202,2019-08-07T00:00:00Z,2029-08-07T00:00:00Z
1050000229,1050000230,CAN_PROXY,Z202,2017-08-07T00:00:00Z,2032-08-07T00:00:00Z
1050000229,1050000231,CAN_SELL_UNDER,Z202,2016-08-07T00:00:00Z,9999-08-07T00:00:00Z
1050000229,1050000232,CAN_SELL_UNDER,Z202,2021-08-07T00:00:00Z,9999-08-07T00:00:00Z
1050000229,1050000233,CAN_PROXY,Z202,2020-08-07T00:00:00Z,9999-08-07T00:00:00Z
1050000223,1050000234,CAN_SELL_UNDER,Z202,2019-08-07T00:00:00Z,2039-08-07T00:00:00Z
1050000234,1050000235,CAN_SELL_UNDER,Z202,2021-08-07T00:00:00Z,2031-08-07T00:00:00Z
1050000234,1050000236,CAN_SELL_UNDER,Z202,2018-08-07T00:00:00Z,9999-08-07T00:00:00Z
1050000234,1050000237,CAN_SELL_UNDER,Z202,2019-08-07T00:00:00Z,9999-08-07T00:00:00Z
1050000234,1050000238,CAN_SELL_UNDER,Z202,2018-08-07T00:00:00Z,2033-08-07T00:00:00Z
1050000234,1050000239,CAN_SELL_UNDER,Z202,2017-08-07T00:00:00Z,9999-08-07T00:00:00Z
1050000210,1050000240,CAN_SELL_UNDER,Z202,2019-08-07T00:00:00Z,9999-08-07T00:00:00Z
1050000240,1050000241,CAN_PROXY,Z202,2018-08-07T00:00:00Z,9999-08-07T00:00:00Z
1050000241,1050000242,CAN_SELL_UNDER,Z202,2016-08-07T00:00:00Z,9999-08-07T00:00:00Z
1050000241,1050000243,CAN_SELL_UNDER,Z202,2020-08-07T00:00:00Z,9999-08-07T00:00:00Z
1050000241,1050000244,CAN_SELL_UNDER,Z202,2019-08-07T00:00:00Z,2034-08-07T00:00:00Z
1050000241,1050000245,CAN_SELL_UNDER,Z202,2018-08-07T00:00:00Z,2023-08-07T00:00:00Z
1050000241,1050000246,CAN_SELL_UNDER,Z202,2018-08-07T00:00:00Z,9999-08-07T00:00:00Z
1050000240,1050000247,CAN_SELL_UNDER,Z202,2022-08-07T00:00:00Z,9999-08-07T00:00:00Z
1050000247,1050000248,CAN_SELL_UNDER,Z202,2021-08-07T00:00:00Z,9999-08-07T00:00:00Z
1050000240,1050000249,CAN_SELL_UNDER,Z202,2022-08-07T00:00:00Z,9999-08-07T00:00:00Z
1050000249,1050000250,CAN_SELL_UNDER,Z202,2021-08-07T00:00:00Z,9999-08-07T00:00:00Z
1050000249,1050000251,CAN_PROXY,Z202,2019-08-07T00:00:00Z,9999-08-07T00:00:00Z
1050000249,1050000252,CAN_SELL_UNDER,Z202,2018-08-07T00:00:00Z,9999-08-07T00:00:00Z
1050000210,1050000253,CAN_SELL_UNDER,Z202,2018-08-07T00:00:00Z,2028-08-07T00:00:00Z
1050000253,1050000254,CAN_SELL_UNDER,Z202,2018-08-07T00:00:00Z,9999-08-07T00:00:00Z
1050000254,1050000255,CAN_SELL_UNDER,Z202,2016-08-07T00:00:00Z,9999-08-07T00:00:00Z
1050000254,1050000256,CAN_SELL_UNDER,Z202,2018-08-07T00:00:00Z,2028-08-07T00:00:00Z
1050000209,1050000257,CAN_SELL_UNDER,Z202,2018-08-07T00:00:00Z,9999-08-07T00:00:00Z
1050000257,1050000258,CAN_SELL_UNDER,Z202,2020-08-07T00:00:00Z,9999-08-07T00:00:00Z
1050000258,1050000259,CAN_SELL_UNDER,Z202,2022-08-07T00:00:00Z,2027-08-07T00:00:00Z
1050000259,1050000260,CAN_SELL_UNDER,Z202,2017-08-07T00:00:00Z,9999-08-07T00:00:00Z
1050000258,1050000261,CAN_SELL_UNDER,Z202,2021-08-07T00:00:00Z,9999-08-07T00:00:00Z
1050000261,1050000262,CAN_PROXY,Z202,2022-08-07T00:00:00Z,2037-08-07T00:00:00Z
1050000261,1050000263,CAN_SELL_UNDER,Z202,2019-08-07T00:00:00Z,9999-08-07T00:00:00Z
1050000261,1050000264,CAN_SELL_UNDER,Z202,2018-08-07T00:00:00Z,9999-08-07T00:00:00Z
1050000261,1050000265,CAN_SELL_UNDER,Z202,2021-08-07T00:00:00Z,9999-08-07T00:00:00Z
1050000258,1050000266,CAN_SELL_UNDER,Z202,2017-08-07T00:00:00Z,9999-08-07T00:00:00Z
1050000266,1050000267,CAN_SELL_UNDER,Z202,2020-08-07T00:00:00Z,2040-08-07T00:00:00Z
1050000258,1050000268,CAN_SELL_UNDER,Z202,2020-08-07T00:00:00Z,9999-08-07T00:00:00Z
1050000268,1050000269,CAN_SELL_UNDER,Z202,2017-08-07T00:00:00Z,9999-08-07T00:00:00Z
1050000268,1050000270,CAN_SELL_UNDER,Z202,2018-08-07T00:00:00Z,9999-08-07T00:00:00Z
1050000268,1050000271,CAN_SELL_UNDER,Z202,2018-08-07T00:00:00Z,9999-08-07T00:00:00Z
1050000258,1050000272,CAN_SELL_UNDER,Z202,2018-08-07T00:00:00Z,9999-08-07T00:00:00Z
1050000272,1050000273,CAN_PROXY,Z202,2022-08-07T00:00:00Z,9999-08-07T00:00:00Z
1050000272,1050000274,CAN_SELL_UNDER,Z202,2019-08-07T00:00:00Z,9999-08-07T00:00:00Z
1050000272,1050000275,CAN_SELL_UNDER,Z202,2019-08-07T00:00:00Z,9999-08-07T00:00:00Z
1050000272,1050000276,CAN_SELL_UNDER,Z202,2016-08-07T00:00:00Z,9999-08-07T00:00:00Z
1050000209,1050000277,CAN_SELL_UNDER,Z202,2021-08-07T00:00:00Z,9999-08-07T00:00:00Z
1050000277,1050000278,CAN_SELL_UNDER,Z202,2022-08-07T00:00:00Z,9999-08-07T00:00:00Z
1050000278,1050000279,CAN_SELL_UNDER,Z202,2021-08-07T00:00:00Z,2031-08-07T00:00:00Z
1050000279,1050000280,CAN_SELL_UNDER,Z202,2020-08-07T00:00:00Z,2035-08-07T00:00:00Z
1050000279,1050000281,CAN_SELL_UNDER,Z202,2017-08-07T00:00:00Z,9999-08-07T00:00:00Z
1050000279,1050000282,CAN_SELL_UNDER,Z202,2021-08-07T00:00:00Z,9999-08-07T00:00:00Z
1050000278,1050000283,CAN_SELL_UNDER,Z202,2021-08-07T00:00:00Z,2036-08-07T00:00:00Z
1050000283,1050000284,CAN_PROXY,Z202,2016-08-07T00:00:00Z,9999-08-07T00:00:00Z
1050000283,1050000285,CAN_SELL_UNDER,Z202,2022-08-07T00:00:00Z,9999-08-07T00:00:00Z
1050000277,1050000286,CAN_PROXY,Z202,2019-08-07T00:00:00Z,2029-08-07T00:00:00Z
1050000286,1050000287,CAN_SELL_UNDER,Z202,2020-08-07T00:00:00Z,9999-08-07T00:00:00Z
1050000287,1050000288,CAN_SELL_UNDER,Z202,2016-08-07T00:00:00Z,9999-08-07T00:00:00Z
1050000286,1050000289,CAN_SELL_UNDER,Z202,2022-08-07T00:00:00Z,2027-08-07T00:00:00Z
1050000289,1050000290,CAN_SELL_UNDER,Z202,2017-08-07T00:00:00Z,9999-08-07T00:00:00Z
1050000289,1050000291,CAN_SELL_UNDER,Z202,2021-08-07T00:00:00Z,9999-08-07T00:00:00Z
1050000277,1050000292,CAN_SELL_UNDER,Z202,2020-08-07T00:00:00Z,9999-08-07T00:00:00Z
1050000292,1050000293,CAN_SELL_UNDER,Z202,2020-08-07T00:00:00Z,9999-08-07T00:00:00Z
1050000293,1050000294,CAN_PROXY,Z202,2017-08-07T00:00:00Z,9999-08-07T00:00:00Z
1050000293,1050000295,CAN_SELL_UNDER,Z202,2020-08-07T00:00:00Z,9999-08-07T00:00:00Z
1050000293,1050000296,CAN_SELL_UNDER,Z202,2016-08-07T00:00:00Z,9999-08-07T00:00:00Z
1050000293,1050000297,CAN_SELL_UNDER,Z202,2017-08-07T00:00:00Z,9999-08-07T00:00:00Z
1050000292,1050000298,CAN_SELL_UNDER,Z202,2021-08-07T00:00:00Z,9999-08-07T00:00:00Z
1050000298,1050000299,CAN_SELL_UNDER,Z202,2016-08-07T00:00:00Z,9999-08-07T00:00:00Z
1050000298,1050000300,CAN_SELL_UNDER,Z202,2021-08-07T00:00:00Z,9999-08-07T00:00:00Z
1050000298,1050000301,CAN_SELL_UNDER,Z202,2022-08-07T00:00:00Z,9999-08-07T00:00:00Z
1050000292,1050000302,CAN_SELL_UNDER,Z202,2018-08-07T00:00:00Z,9999-08-07T00:00:00Z
1050000302,1050000303,CAN_SELL_UNDER,Z202,2021-08-07T00:00:00Z,9999-08-07T00:00:00Z
1050000302,1050000304,CAN_SELL_UNDER,Z202,2019-08-07T00:00:00Z,2034-08-07T00:00:00Z
1050000302,1050000305,CAN_SELL_UNDER,Z202,2017-08-07T00:00:00Z,9999-08-07T00:00:00Z
1050000277,1050000306,CAN_SELL_UNDER,Z202,2022-08-07T00:00:00Z,2027-08-07T00:00:00Z
1050000306,1050000307,CAN_SELL_UNDER,Z202,2018-08-07T00:00:00Z,9999-08-07T00:00:00Z
1050000307,1050000308,CAN_SELL_UNDER,Z202,2018-08-07T00:00:00Z,9999-08-07T00:00:00Z
1050000306,1050000309,CAN_SELL_UNDER,Z202,2022-08-07T00:00:00Z,2032-08-07T00:00:00Z
1050000309,1050000310,CAN_PROXY,Z202,2017-08-07T00:00:00Z,9999-08-07T00:00:00Z
1050000309,1050000311,CAN_SELL_UNDER,Z202,2016-08-07T00:00:00Z,9999-08-07T00:00:00Z
1050000309,1050000312,CAN_PROXY,Z202,2019-08-07T00:00:00Z,9999-08-07T00:00:00Z
1050000309,1050000313,CAN_PROXY,Z202,2020-08-07T00:00:00Z,9999-08-07T00:00:00Z
1050000306,1050000314,CAN_SELL_UNDER,Z202,2016-08-07T00:00:00Z,9999-08-07T00:00:00Z
1050000314,1050000315,CAN_SELL_UNDER,Z202,2017-08-07T00:00:00Z,9999-08-07T00:00:00Z
1050000314,1050000316,CAN_SELL_UNDER,Z202,2021-08-07T00:00:00Z,9999-08-07T00:00:00Z
1050000314,1050000317,CAN_SELL_UNDER,Z202,2021-08-07T00:00:00Z,9999-08-07T00:00:00Z
1050000306,1050000318,CAN_SELL_UNDER,Z202,2020-08-07T00:00:00Z,9999-08-07T00:00:00Z
1050000318,1050000319,CAN_PROXY,Z202,2018-08-07T00:00:00Z,2038-08-07T00:00:00Z
1050000318,1050000320,CAN_PROXY,Z202,2017-08-07T00:00:00Z,9999-08-07T00:00:00Z
1050000318,1050000321,CAN_PROXY,Z202,2022-08-07T00:00:00Z,9999-08-07T00:00:00Z
1050000306,1050000322,CAN_SELL_UNDER,Z202,2021-08-07T00:00:00Z,9999-08-07T00:00:00Z
1050000322,1050000323,CAN_SELL_UNDER,Z202,2017-08-07T00:00:00Z,9999-08-07T00:00:00Z
1050000322,1050000324,CAN_SELL_UNDER,Z202,2019-08-07T00:00:00Z,9999-08-07T00:00:00Z
1050000322,1050000325,CAN_SELL_UNDER,Z202,2020-08-07T00:00:00Z,9999-08-07T00:00:00Z
1050000322,1050000326,CAN_SELL_UNDER,Z202,2021-08-07T00:00:00Z,9999-08-07T00:00:00Z
1050000209,1050000327,CAN_SELL_UNDER,Z202,2020-08-07T00:00:00Z,2040-08-07T00:00:00Z
1050000327,1050000328,CAN_PROXY,Z202,2020-08-07T00:00:00Z,9999-08-07T00:00:00Z
1050000328,1050000329,CAN_SELL_UNDER,Z202,2017-08-07T00:00:00Z,9999-08-07T00:00:00Z
1050000329,1050000330,CAN_SELL_UNDER,Z202,2017-08-07T00:00:00Z,9999-08-07T00:00:00Z
1050000329,1050000331,CAN_SELL_UNDER,Z202,2017-08-07T00:00:00Z,9999-08-07T00:00:00Z
1050000328,1050000332,CAN_SELL_UNDER,Z202,2018-08-07T00:00:00Z,2033-08-07T00:00:00Z
1050000332,1050000333,CAN_SELL_UNDER,Z202,2022-08-07T00:00:00Z,9999-08-07T00:00:00Z
1050000332,1050000334,CAN_PROXY,Z202,2019-08-07T00:00:00Z,9999-08-07T00:00:00Z
1050000328,1050000335,CAN_PROXY,Z202,2017-08-07T00:00:00Z,9999-08-07T00:00:00Z
1050000335,1050000336,CAN_SELL_UNDER,Z202,2022-08-07T00:00:00Z,9999-08-07T00:00:00Z
1050000335,1050000337,CAN_SELL_UNDER,Z202,2019-08-07T00:00:00Z,9999-08-07T00:00:00Z
1050000335,1050000338,CAN_SELL_UNDER,Z202,2021-08-07T00:00:00Z,9999-08-07T00:00:00Z
1050000335,1050000339,CAN_SELL_UNDER,Z202,2018-08-07T00:00:00Z,2023-08-07T00:00:00Z
1050000328,1050000340,CAN_SELL_UNDER,Z202,2019-08-07T00:00:00Z,9999-08-07T00:00:00Z
1050000340,1050000341,CAN_SELL_UNDER,Z202,2018-08-07T00:00:00Z,2023-08-07T00:00:00Z
1050000327,1050000342,CAN_SELL_UNDER,Z202,2019-08-07T00:00:00Z,9999-08-07T00:00:00Z
1050000342,1050000343,CAN_SELL_UNDER,Z202,2018-08-07T00:00:00Z,9999-08-07T00:00:00Z
1050000343,1050000344,CAN_SELL_UNDER,Z202,2020-08-07T00:00:00Z,9999-08-07T00:00:00Z
1050000343,1050000345,CAN_SELL_UNDER,Z202,2017-08-07T00:00:00Z,9999-08-07T00:00:00Z
1050000343,1050000346,CAN_PROXY,Z202,2017-08-07T00:00:00Z,2037-08-07T00:00:00Z
1050000343,1050000347,CAN_PROXY,Z202,2018-08-07T00:00:00Z,9999-08-07T00:00:00Z
1050000343,1050000348,CAN_SELL_UNDER,Z202,2019-08-07T00:00:00Z,9999-08-07T00:00:00Z
1050000342,1050000349,CAN_SELL_UNDER,Z202,2020-08-07T00:00:00Z,9999-08-07T00:00:00Z
1050000349,1050000350,CAN_SELL_UNDER,Z202,2017-08-07T00:00:00Z,9999-08-07T00:00:00Z
1050000349,1050000351,CAN_SELL_UNDER,Z202,2018-08-07T00:00:00Z,2038-08-07T00:00:00Z
1050000327,1050000352,CAN_SELL_UNDER,Z202,2016-08-07T00:00:00Z,9999-08-07T00:00:00Z
1050000352,1050000353,CAN_SELL_UNDER,Z202,2022-08-07T00:00:00Z,2027-08-07T00:00:00Z
1050000353,1050000354,CAN_SELL_UNDER,Z202,2019-08-07T00:00:00Z,9999-08-07T00:00:00Z
1050000352,1050000355,CAN_SELL_UNDER,Z202,2017-08-07T00:00:00Z,9999-08-07T00:00:00Z
1050000355,1050000356,CAN_SELL_UNDER,Z202,2019-08-07T00:00:00Z,9999-08-07T00:00:00Z
1050000352,1050000357,CAN_SELL_UNDER,Z202,2018-08-07T00:00:00Z,9999-08-07T00:00:00Z
1050000357,1050000358,CAN_SELL_UNDER,Z202,2017-08-07T00:00:00Z,2027-08-07T00:00:00Z
1050000357,1050000359,CAN_PROXY,Z202,2017-08-07T00:00:00Z,9999-08-07T00:00:00Z
1050000209,1050000360,CAN_SELL_UNDER,Z202,2022-08-07T00:00:00Z,2037-08-07T00:00:00Z
1050000360,1050000361,CAN_SELL_UNDER,Z202,2021-08-07T00:00:00Z,9999-08-07T00:00:00Z
1050000361,1050000362,CAN_SELL_UNDER,Z202,2016-08-07T00:00:00Z,9999-08-07T00:00:00Z
1050000362,1050000363,CAN_SELL_UNDER,Z202,2016-08-07T00:00:00Z,9999-08-07T00:00:00Z
1050000362,1050000364,CAN_SELL_UNDER,Z202,2017-08-07T00:00:00Z,9999-08-07T00:00:00Z
1050000361,1050000365,CAN_SELL_UNDER,Z202,2016-08-07T00:00:00Z,2031-08-07T00:00:00Z
1050000365,1050000366,CAN_SELL_UNDER,Z202,2017-08-07T00:00:00Z,9999-08-07T00:00:00Z
1050000361,1050000367,CAN_SELL_UNDER,Z202,2021-08-07T00:00:00Z,9999-08-07T00:00:00Z
1050000367,1050000368,CAN_SELL_UNDER,Z202,2021-08-07T00:00:00Z,9999-08-07T00:00:00Z
1050000367,1050000369,CAN_SELL_UNDER,Z202,2016-08-07T00:00:00Z,2031-08-07T00:00:00Z
1050000361,1050000370,CAN_SELL_UNDER,Z202,2020-08-07T00:00:00Z,2025-08-07T00:00:00Z
1050000370,1050000371,CAN_SELL_UNDER,Z202,2018-08-07T00:00:00Z,9999-08-07T00:00:00Z
1050000370,1050000372,CAN_SELL_UNDER,Z202,2021-08-07T00:00:00Z,9999-08-07T00:00:00Z
1050000370,1050000373,CAN_SELL_UNDER,Z202,2021-08-07T00:00:00Z,2041-08-07T00:00:00Z
1050000370,1050000374,CAN_SELL_UNDER,Z202,2022-08-07T00:00:00Z,9999-08-07T00:00:00Z
1050000370,1050000375,CAN_SELL_UNDER,Z202,2016-08-07T00:00:00Z,9999-08-07T00:00:00Z
1050000360,1050000376,CAN_SELL_UNDER,Z202,2019-08-07T00:00:00Z,9999-08-07T00:00:00Z
1050000376,1050000377,CAN_SELL_UNDER,Z202,2020-08-07T00:00:00Z,9999-08-07T00:00:00Z
1050000377,1050000378,CAN_SELL_UNDER,Z202,2016-08-07T00:00:00Z,9999-08-07T00:00:00Z
1050000377,1050000379,CAN_SELL_UNDER,Z202,2020-08-07T00:00:00Z,9999-08-07T00:00:00Z
1050000376,1050000380,CAN_SELL_UNDER,Z202,2019-08-07T00:00:00Z,9999-08-07T00:00:00Z
1050000380,1050000381,CAN_SELL_UNDER,Z202,2022-08-07T00:00:00Z,9999-08-07T00:00:00Z
1050000380,1050000382,CAN_SELL_UNDER,Z202,2018-08-07T00:00:00Z,2038-08-07T00:00:00Z
1050000380,1050000383,CAN_SELL_UNDER,Z202,2018-08-07T00:00:00Z,9999-08-07T00:00:00Z
1050000376,1050000384,CAN_PROXY,Z202,2021-08-07T00:00:00Z,9999-08-07T00:00:00Z
1050000384,1050000385,CAN_PROXY,Z202,2018-08-07T00:00:00Z,9999-08-07T00:00:00Z
1050000384,1050000386,CAN_SELL_UNDER,Z202,2022-08-07T00:00:00Z,9999-08-07T00:00:00Z
1050000360,1050000387,CAN_SELL_UNDER,Z202,2018-08-07T00:00:00Z,2038-08-07T00:00:00Z
1050000387,1050000388,CAN_SELL_UNDER,Z202,2019-08-07T00:00:00Z,9999-08-07T00:00:00Z
1050000388,1050000389,CAN_SELL_UNDER,Z202,2019-08-07T00:00:00Z,9999-08-07T00:00:00Z
1050000388,1050000390,CAN_SELL_UNDER,Z202,2021-08-07T00:00:00Z,9999-08-07T00:00:00Z
1050000388,1050000391,CAN_SELL_UNDER,Z202,2018-08-07T00:00:00Z,2038-08-07T00:00:00Z
1050000388,1050000392,CAN_PROXY,Z202,2017-08-07T00:00:00Z,9999-08-07T00:00:00Z
1050000388,1050000393,CAN_SELL_UNDER,Z202,2016-08-07T00:00:00Z,9999-08-07T00:00:00Z
1050000387,1050000394,CAN_SELL_UNDER,Z202,2019-08-07T00:00:00Z,9999-08-07T00:00:00Z
1050000394,1050000395,CAN_SELL_UNDER,Z202,2016-08-07T00:00:00Z,9999-08-07T00:00:00Z
1050000394,1050000396,CAN_SELL_UNDER,Z202,2016-08-07T00:00:00Z,9999-08-07T00:00:00Z
1050000387,1050000397,CAN_SELL_UNDER,Z202,2016-08-07T00:00:00Z,9999-08-07T00:00:00Z
1050000397,1050000398,CAN_SELL_UNDER,Z202,2016-08-07T00:00:00Z,9999-08-07T00:00:00Z
1050000397,1050000399,CAN_SELL_UNDER,Z202,2019-08-07T00:00:00Z,9999-08-07T00:00:00Z
1050000397,1050000400,CAN_SELL_UNDER,Z202,2017-08-07T00:00:00Z,2022-08-07T00:00:00Z
1050000397,1050000401,CAN_SELL_UNDER,Z202,2022-08-07T00:00:00Z,9999-08-07T00:00:00Z
1050000387,1050000402,CAN_PROXY,Z202,2018-08-07T00:00:00Z,9999-08-07T00:00:00Z
1050000402,1050000403,CAN_SELL_UNDER,Z202,2016-08-07T00:00:00Z,9999-08-07T00:00:00Z
1050000402,1050000404,CAN_PROXY,Z202,2016-08-07T00:00:00Z,9999-08-07T00:00:00Z
1050000360,1050000405,CAN_SELL_UNDER,Z202,2021-08-07T00:00:00Z,9999-08-07T00:00:00Z
1050000405,1050000406,CAN_SELL_UNDER,Z202,2016-08-07T00:00:00Z,9999-08-07T00:00:00Z
1050000406,1050000407,CAN_SELL_UNDER,Z202,2019-08-07T00:00:00Z,9999-08-07T00:00:00Z
1050000406,1050000408,CAN_SELL_UNDER,Z202,2017-08-07T00:00:00Z,9999-08-07T00:00:00Z
1050000405,1050000409,CAN_SELL_UNDER,Z202,2016-08-07T00:00:00Z,2036-08-07T00:00:00Z
1050000409,1050000410,CAN_SELL_UNDER,Z202,2017-08-07T00:00:00Z,2037-08-07T00:00:00Z
1050000409,1050000411,CAN_PROXY,Z202,2016-08-07T00:00:00Z,9999-08-07T00:00:00Z
1050000409,1050000412,CAN_SELL_UNDER,Z202,2019-08-07T00:00:00Z,9999-08-07T00:00:00Z
1050000409,1050000413,CAN_PROXY,Z202,2017-08-07T00:00:00Z,2032-08-07T00:00:00Z
1050000409,1050000414,CAN_SELL_UNDER,Z202,2021-08-07T00:00:00Z,2041-08-07T00:00:00Z
1050000405,1050000415,CAN_SELL_UNDER,Z202,2016-08-07T00:00:00Z,2036-08-07T00:00:00Z
1050000415,1050000416,CAN_SELL_UNDER,Z202,2017-08-07T00:00:00Z,2027-08-07T00:00:00Z
1050000405,1050000417,CAN_SELL_UNDER,Z202,2022-08-07T00:00:00Z,9999-08-07T00:00:00Z
1050000417,1050000418,CAN_SELL_UNDER,Z202,2022-08-07T00:00:00Z,9999-08-07T00:00:00Z
1050000417,1050000419,CAN_SELL_UNDER,Z202,2022-08-07T00:00:00Z,9999-08-07T00:00:00Z
1050000417,1050000420,CAN_PROXY,Z202,2018-08-07T00:00:00Z,2033-08-07T00:00:00Z
1050000417,1050000421,CAN_SELL_UNDER,Z202,2022-08-07T00:00:00Z,9999-08-07T00:00:00Z
1050000405,1050000422,CAN_SELL_UNDER,Z202,2022-08-07T00:00:00Z,9999-08-07T00:00:00Z
1050000422,1050000423,CAN_SELL_UNDER,Z202,2020-08-07T00:00:00Z,9999-08-07T00:00:00Z
1050000360,1050000424,CAN_SELL_UNDER,Z202,2016-08-07T00:00:00Z,9999-08-07T00:00:00Z
1050000424,1050000425,CAN_SELL_UNDER,Z202,2017-08-07T00:00:00Z,9999-08-07T00:00:00Z
1050000425,1050000426,CAN_SELL_UNDER,Z202,2021-08-07T00:00:00Z,9999-08-07T00:00:00Z
1050000425,1050000427,CAN_SELL_UNDER,Z202,2019-08-07T00:00:00Z,9999-08-07T00:00:00Z
1050000425,1050000428,CAN_PROXY,Z202,2018-08-07T00:00:00Z,2023-08-07T00:00:00Z
1050000424,1050000429,CAN_SELL_UNDER,Z202,2021-08-07T00:00:00Z,9999-08-07T00:00:00Z
1050000429,1050000430,CAN_SELL_UNDER,Z202,2016-08-07T00:00:00Z,2036-08-07T00:00:00Z
1050000429,1050000431,CAN_SELL_UNDER,Z202,2016-08-07T00:00:00Z,9999-08-07T00:00:00Z
1050000424,1050000432,CAN_SELL_UNDER,Z202,2020-08-07T00:00:00Z,9999-08-07T00:00:00Z
1050000432,1050000433,CAN_SELL_UNDER,Z202,2021-08-07T00:00:00Z,9999-08-07T00:00:00Z
1050000432,1050000434,CAN_SELL_UNDER,Z202,2019-08-07T00:00:00Z,9999-08-07T00:00:00Z
1000000001,1050000435,CAN_SELL_UNDER,Z202,2020-08-07T00:00:00Z,2040-08-07T00:00:00Z
1000000001,1050000436,CAN_PROXY,Z202,2017-08-07T00:00:00Z,2022-08-07T00:00:00Z
